model_path,model_id,revision,param_name,layer_index,block_type,shape,rows,cols,design_rank,actual_rank,rank_ratio,svd_90_percent_rank,svd_90_percent_ratio,mean,std,var,min,max,sparsity,dtype,created_at
/home/user/transformer_parameter_analysis/data/models/bert-base-uncased,bert-base-uncased,,bert.embeddings.LayerNorm.beta,,other,"(768,)",1,768,1,1,1.0,1,1.0,-0.019596021622419357,0.06925089657306671,0.004795686807483435,-0.5555245876312256,0.802075207233429,0.0,float32,2025-09-02T10:54:23.197596
/home/user/transformer_parameter_analysis/data/models/bert-base-uncased,bert-base-uncased,,bert.embeddings.LayerNorm.gamma,,other,"(768,)",1,768,1,1,1.0,1,1.0,0.8493084907531738,0.133900985121727,0.017929472029209137,0.08930355310440063,0.9830588698387146,0.0,float32,2025-09-02T10:54:23.197596
/home/user/transformer_parameter_analysis/data/models/bert-base-uncased,bert-base-uncased,,bert.embeddings.position_embeddings.weight,,embedding,"(512, 768)",512,768,512,512,1.0,50,0.09765625,-3.873982495861128e-05,0.016068805009126663,0.00025820647715590894,-0.9487291574478149,0.7268922328948975,0.0,float32,2025-09-02T10:54:23.197596
/home/user/transformer_parameter_analysis/data/models/bert-base-uncased,bert-base-uncased,,bert.embeddings.token_type_embeddings.weight,,embedding,"(2, 768)",2,768,2,2,1.0,2,1.0,-0.0009192296420224011,0.033543698489665985,0.0011251798132434487,-0.6951668858528137,0.2973073720932007,0.0,float32,2025-09-02T10:54:23.197596
/home/user/transformer_parameter_analysis/data/models/bert-base-uncased,bert-base-uncased,,bert.embeddings.word_embeddings.weight,,embedding,"(30522, 768)",30522,768,768,768,1.0,462,0.6015625,-0.02802451327443123,0.042667049914598465,0.0018204771913588047,-0.9503687620162964,0.8728917837142944,8.532097066596771e-08,float32,2025-09-02T10:54:23.197596
/home/user/transformer_parameter_analysis/data/models/bert-base-uncased,bert-base-uncased,,bert.encoder.layer.0.attention.output.LayerNorm.beta,,other,"(768,)",1,768,1,1,1.0,1,1.0,-0.018173277378082275,0.3289725184440613,0.10822292417287827,-4.205034255981445,0.8336061239242554,0.0,float32,2025-09-02T10:54:23.197596
/home/user/transformer_parameter_analysis/data/models/bert-base-uncased,bert-base-uncased,,bert.encoder.layer.0.attention.output.LayerNorm.gamma,,other,"(768,)",1,768,1,1,1.0,1,1.0,0.9584805369377136,0.08341576904058456,0.006958190351724625,0.7153003811836243,2.9968392848968506,0.0,float32,2025-09-02T10:54:23.197596
/home/user/transformer_parameter_analysis/data/models/bert-base-uncased,bert-base-uncased,,bert.encoder.layer.0.attention.output.dense.bias,,other,"(768,)",1,768,1,1,1.0,1,1.0,-0.001123726018704474,0.03545676916837692,0.001257182564586401,-0.3073207139968872,0.1476893126964569,0.0,float32,2025-09-02T10:54:23.197596
/home/user/transformer_parameter_analysis/data/models/bert-base-uncased,bert-base-uncased,,bert.encoder.layer.0.attention.output.dense.weight,,output,"(768, 768)",768,768,768,768,1.0,317,0.4127604166666667,-2.073558425763622e-05,0.028576431795954704,0.0008166124462150037,-0.49465838074684143,0.5869761109352112,0.0,float32,2025-09-02T10:54:23.197596
/home/user/transformer_parameter_analysis/data/models/bert-base-uncased,bert-base-uncased,,bert.encoder.layer.0.attention.self.key.bias,,other,"(768,)",1,768,1,1,1.0,1,1.0,-0.0003075960266869515,0.003185687121003866,1.0148602996196132e-05,-0.012445099651813507,0.010560888797044754,0.0,float32,2025-09-02T10:54:23.197596
/home/user/transformer_parameter_analysis/data/models/bert-base-uncased,bert-base-uncased,,bert.encoder.layer.0.attention.self.key.weight,,other,"(768, 768)",768,768,768,768,1.0,306,0.3984375,4.959386842529057e-06,0.04278881475329399,0.0018308827420696616,-0.7098265886306763,0.8334630131721497,0.0,float32,2025-09-02T10:54:23.197596
/home/user/transformer_parameter_analysis/data/models/bert-base-uncased,bert-base-uncased,,bert.encoder.layer.0.attention.self.query.bias,,other,"(768,)",1,768,1,1,1.0,1,1.0,0.006335815414786339,0.2806865870952606,0.07878496497869492,-1.0507234334945679,0.8619886040687561,0.0,float32,2025-09-02T10:54:23.197596
/home/user/transformer_parameter_analysis/data/models/bert-base-uncased,bert-base-uncased,,bert.encoder.layer.0.attention.self.query.weight,,other,"(768, 768)",768,768,768,768,1.0,303,0.39453125,3.5583794669946656e-05,0.0431194044649601,0.0018592830747365952,-0.5249173641204834,0.45409947633743286,0.0,float32,2025-09-02T10:54:23.197596
/home/user/transformer_parameter_analysis/data/models/bert-base-uncased,bert-base-uncased,,bert.encoder.layer.0.attention.self.value.bias,,other,"(768,)",1,768,1,1,1.0,1,1.0,0.0018207308603450656,0.04068953916430473,0.0016556386835873127,-0.17886830866336823,0.2503170371055603,0.0,float32,2025-09-02T10:54:23.197596
/home/user/transformer_parameter_analysis/data/models/bert-base-uncased,bert-base-uncased,,bert.encoder.layer.0.attention.self.value.weight,,other,"(768, 768)",768,768,768,768,1.0,331,0.4309895833333333,-3.300314710941166e-05,0.028810903429985046,0.0008300681947730482,-0.16439175605773926,0.19317074120044708,0.0,float32,2025-09-02T10:54:23.197596
/home/user/transformer_parameter_analysis/data/models/bert-base-uncased,bert-base-uncased,,bert.encoder.layer.0.intermediate.dense.bias,,other,"(3072,)",1,3072,1,1,1.0,1,1.0,-0.10811424255371094,0.0493825301527977,0.0024386344011873007,-0.3514873683452606,0.4057489335536957,0.0,float32,2025-09-02T10:54:23.197596
/home/user/transformer_parameter_analysis/data/models/bert-base-uncased,bert-base-uncased,,bert.encoder.layer.0.intermediate.dense.weight,,other,"(3072, 768)",3072,768,768,768,1.0,523,0.6809895833333334,-3.043881406483706e-05,0.037421561777591705,0.0014003734104335308,-0.2978421151638031,0.32221561670303345,0.0,float32,2025-09-02T10:54:23.197596
/home/user/transformer_parameter_analysis/data/models/bert-base-uncased,bert-base-uncased,,bert.encoder.layer.0.output.LayerNorm.beta,,other,"(768,)",1,768,1,1,1.0,1,1.0,-0.036638181656599045,0.09846807271242142,0.009695962071418762,-1.3253225088119507,0.41903483867645264,0.0,float32,2025-09-02T10:54:23.197596
/home/user/transformer_parameter_analysis/data/models/bert-base-uncased,bert-base-uncased,,bert.encoder.layer.0.output.LayerNorm.gamma,,other,"(768,)",1,768,1,1,1.0,1,1.0,0.7558717727661133,0.05628509446978569,0.0031680117826908827,0.10011038929224014,0.8120333552360535,0.0,float32,2025-09-02T10:54:23.197596
/home/user/transformer_parameter_analysis/data/models/bert-base-uncased,bert-base-uncased,,bert.encoder.layer.0.output.dense.bias,,other,"(768,)",1,768,1,1,1.0,1,1.0,-0.0020538445096462965,0.08016905188560486,0.0064270771108567715,-0.5255517959594727,0.3393213450908661,0.0,float32,2025-09-02T10:54:23.197596
/home/user/transformer_parameter_analysis/data/models/bert-base-uncased,bert-base-uncased,,bert.encoder.layer.0.output.dense.weight,,output,"(768, 3072)",768,3072,768,768,1.0,542,0.7057291666666666,-8.503410208504647e-05,0.03584737703204155,0.001285034348256886,-1.6790950298309326,0.7699131965637207,4.238552517361111e-07,float32,2025-09-02T10:54:23.197596
/home/user/transformer_parameter_analysis/data/models/bert-base-uncased,bert-base-uncased,,bert.encoder.layer.1.attention.output.LayerNorm.beta,,other,"(768,)",1,768,1,1,1.0,1,1.0,-0.01784045435488224,0.19345474243164062,0.03742473945021629,-2.4628686904907227,0.5439479947090149,0.0,float32,2025-09-02T10:54:23.197596
/home/user/transformer_parameter_analysis/data/models/bert-base-uncased,bert-base-uncased,,bert.encoder.layer.1.attention.output.LayerNorm.gamma,,other,"(768,)",1,768,1,1,1.0,1,1.0,0.8756976127624512,0.08775447309017181,0.007700847461819649,0.6565542817115784,3.0383493900299072,0.0,float32,2025-09-02T10:54:23.197596
/home/user/transformer_parameter_analysis/data/models/bert-base-uncased,bert-base-uncased,,bert.encoder.layer.1.attention.output.dense.bias,,other,"(768,)",1,768,1,1,1.0,1,1.0,-0.0016351068625226617,0.0603296160697937,0.0036396626383066177,-0.2887907922267914,0.23761774599552155,0.0,float32,2025-09-02T10:54:23.197596
/home/user/transformer_parameter_analysis/data/models/bert-base-uncased,bert-base-uncased,,bert.encoder.layer.1.attention.output.dense.weight,,output,"(768, 768)",768,768,768,768,1.0,323,0.4205729166666667,2.9250355510157533e-05,0.02800016663968563,0.0007840092875994742,-0.3103193938732147,0.36102530360221863,0.0,float32,2025-09-02T10:54:23.197596
/home/user/transformer_parameter_analysis/data/models/bert-base-uncased,bert-base-uncased,,bert.encoder.layer.1.attention.self.key.bias,,other,"(768,)",1,768,1,1,1.0,1,1.0,6.38749697827734e-05,0.005122542846947908,2.6240444640279748e-05,-0.028028996661305428,0.022085173055529594,0.0,float32,2025-09-02T10:54:23.197596
/home/user/transformer_parameter_analysis/data/models/bert-base-uncased,bert-base-uncased,,bert.encoder.layer.1.attention.self.key.weight,,other,"(768, 768)",768,768,768,768,1.0,304,0.3958333333333333,2.7257532565272413e-05,0.0425250269472599,0.0018083780305460095,-0.3605247437953949,0.3608516752719879,0.0,float32,2025-09-02T10:54:23.197596
/home/user/transformer_parameter_analysis/data/models/bert-base-uncased,bert-base-uncased,,bert.encoder.layer.1.attention.self.query.bias,,other,"(768,)",1,768,1,1,1.0,1,1.0,0.015781020745635033,0.18058791756629944,0.032611995935440063,-0.8809636235237122,0.8881746530532837,0.0,float32,2025-09-02T10:54:23.197596
/home/user/transformer_parameter_analysis/data/models/bert-base-uncased,bert-base-uncased,,bert.encoder.layer.1.attention.self.query.weight,,other,"(768, 768)",768,768,768,768,1.0,316,0.4114583333333333,-0.00029593592626042664,0.04253244400024414,0.0018090088851749897,-0.3893543779850006,0.3042333424091339,1.6954210069444444e-06,float32,2025-09-02T10:54:23.197596
/home/user/transformer_parameter_analysis/data/models/bert-base-uncased,bert-base-uncased,,bert.encoder.layer.1.attention.self.value.bias,,other,"(768,)",1,768,1,1,1.0,1,1.0,1.5099882148206234e-05,0.04190430790185928,0.0017559711122885346,-0.48128604888916016,0.25189679861068726,0.0,float32,2025-09-02T10:54:23.197596
/home/user/transformer_parameter_analysis/data/models/bert-base-uncased,bert-base-uncased,,bert.encoder.layer.1.attention.self.value.weight,,other,"(768, 768)",768,768,768,768,1.0,330,0.4296875,7.143596576497657e-06,0.028363924473524094,0.0008045122376643121,-0.213004931807518,0.19265544414520264,0.0,float32,2025-09-02T10:54:23.197596
/home/user/transformer_parameter_analysis/data/models/bert-base-uncased,bert-base-uncased,,bert.encoder.layer.1.intermediate.dense.bias,,other,"(3072,)",1,3072,1,1,1.0,1,1.0,-0.09307023137807846,0.06119875982403755,0.0037452883552759886,-0.31290921568870544,0.6663983464241028,0.0,float32,2025-09-02T10:54:23.197596
/home/user/transformer_parameter_analysis/data/models/bert-base-uncased,bert-base-uncased,,bert.encoder.layer.1.intermediate.dense.weight,,other,"(3072, 768)",3072,768,768,768,1.0,526,0.6848958333333334,9.177094034384936e-05,0.03922517970204353,0.0015386148588731885,-0.3095530867576599,0.5060412883758545,0.0,float32,2025-09-02T10:54:23.197596
/home/user/transformer_parameter_analysis/data/models/bert-base-uncased,bert-base-uncased,,bert.encoder.layer.1.output.LayerNorm.beta,,other,"(768,)",1,768,1,1,1.0,1,1.0,-0.03352227807044983,0.0862327441573143,0.0074360859580338,-0.677861750125885,0.4059717655181885,0.0,float32,2025-09-02T10:54:23.197596
/home/user/transformer_parameter_analysis/data/models/bert-base-uncased,bert-base-uncased,,bert.encoder.layer.1.output.LayerNorm.gamma,,other,"(768,)",1,768,1,1,1.0,1,1.0,0.8695356249809265,0.06891603767871857,0.004749420564621687,0.2778875529766083,0.9688113331794739,0.0,float32,2025-09-02T10:54:23.197596
/home/user/transformer_parameter_analysis/data/models/bert-base-uncased,bert-base-uncased,,bert.encoder.layer.1.output.dense.bias,,other,"(768,)",1,768,1,1,1.0,1,1.0,-0.0015499730361625552,0.060548994690179825,0.0036661808844655752,-0.30561399459838867,0.26541826128959656,0.0,float32,2025-09-02T10:54:23.197596
/home/user/transformer_parameter_analysis/data/models/bert-base-uncased,bert-base-uncased,,bert.encoder.layer.1.output.dense.weight,,output,"(768, 3072)",768,3072,768,768,1.0,528,0.6875,-5.743038855143823e-05,0.03786369413137436,0.0014336593449115753,-2.1522269248962402,1.1917608976364136,0.0,float32,2025-09-02T10:54:23.197596
/home/user/transformer_parameter_analysis/data/models/bert-base-uncased,bert-base-uncased,,bert.encoder.layer.10.attention.output.LayerNorm.beta,,other,"(768,)",1,768,1,1,1.0,1,1.0,-0.020614568144083023,0.13002315163612366,0.016906019300222397,-1.8881820440292358,0.7659410238265991,0.0,float32,2025-09-02T10:54:23.197596
/home/user/transformer_parameter_analysis/data/models/bert-base-uncased,bert-base-uncased,,bert.encoder.layer.10.attention.output.LayerNorm.gamma,,other,"(768,)",1,768,1,1,1.0,1,1.0,0.8407526016235352,0.13194839656352997,0.017410380765795708,0.5300374031066895,3.199449300765991,0.0,float32,2025-09-02T10:54:23.197596
/home/user/transformer_parameter_analysis/data/models/bert-base-uncased,bert-base-uncased,,bert.encoder.layer.10.attention.output.dense.bias,,other,"(768,)",1,768,1,1,1.0,1,1.0,0.00018251412257086486,0.052700746804475784,0.0027773685287684202,-0.15934282541275024,0.16523681581020355,0.0,float32,2025-09-02T10:54:23.197596
/home/user/transformer_parameter_analysis/data/models/bert-base-uncased,bert-base-uncased,,bert.encoder.layer.10.attention.output.dense.weight,,output,"(768, 768)",768,768,768,768,1.0,369,0.48046875,6.590787961613387e-06,0.03335314989089966,0.001112432568334043,-0.2611401379108429,0.285733699798584,0.0,float32,2025-09-02T10:54:23.197596
/home/user/transformer_parameter_analysis/data/models/bert-base-uncased,bert-base-uncased,,bert.encoder.layer.10.attention.self.key.bias,,other,"(768,)",1,768,1,1,1.0,1,1.0,-5.6827531807357445e-05,0.0063553061336278915,4.038991392008029e-05,-0.022034533321857452,0.023480234667658806,0.0,float32,2025-09-02T10:54:23.197596
/home/user/transformer_parameter_analysis/data/models/bert-base-uncased,bert-base-uncased,,bert.encoder.layer.10.attention.self.key.weight,,other,"(768, 768)",768,768,768,768,1.0,330,0.4296875,-1.8148470189771615e-05,0.045724015682935715,0.002090685535222292,-0.3220859467983246,0.26120737195014954,0.0,float32,2025-09-02T10:54:23.197596
/home/user/transformer_parameter_analysis/data/models/bert-base-uncased,bert-base-uncased,,bert.encoder.layer.10.attention.self.query.bias,,other,"(768,)",1,768,1,1,1.0,1,1.0,-0.010435327887535095,0.22982698678970337,0.052820444107055664,-0.9731196165084839,1.0762786865234375,0.0,float32,2025-09-02T10:54:23.197596
/home/user/transformer_parameter_analysis/data/models/bert-base-uncased,bert-base-uncased,,bert.encoder.layer.10.attention.self.query.weight,,other,"(768, 768)",768,768,768,768,1.0,329,0.4283854166666667,0.0001520749065093696,0.04597882926464081,0.0021140528842806816,-0.4196734130382538,0.4638705849647522,0.0,float32,2025-09-02T10:54:23.197596
/home/user/transformer_parameter_analysis/data/models/bert-base-uncased,bert-base-uncased,,bert.encoder.layer.10.attention.self.value.bias,,other,"(768,)",1,768,1,1,1.0,1,1.0,0.0009505373891443014,0.028193332254886627,0.0007948639686219394,-0.20502886176109314,0.31207603216171265,0.0,float32,2025-09-02T10:54:23.197596
/home/user/transformer_parameter_analysis/data/models/bert-base-uncased,bert-base-uncased,,bert.encoder.layer.10.attention.self.value.weight,,other,"(768, 768)",768,768,768,768,1.0,357,0.46484375,-3.974512219429016e-05,0.03558899834752083,0.0012665768153965473,-0.2470024675130844,0.2529148757457733,0.0,float32,2025-09-02T10:54:23.197596
/home/user/transformer_parameter_analysis/data/models/bert-base-uncased,bert-base-uncased,,bert.encoder.layer.10.intermediate.dense.bias,,other,"(3072,)",1,3072,1,1,1.0,1,1.0,-0.10424918681383133,0.038395512849092484,0.0014742155326530337,-0.3411264419555664,0.38730767369270325,0.0,float32,2025-09-02T10:54:23.197596
/home/user/transformer_parameter_analysis/data/models/bert-base-uncased,bert-base-uncased,,bert.encoder.layer.10.intermediate.dense.weight,,other,"(3072, 768)",3072,768,768,768,1.0,518,0.6744791666666666,3.727221701410599e-05,0.038943979889154434,0.0015166335506364703,-1.6418862342834473,1.6365556716918945,0.0,float32,2025-09-02T10:54:23.197596
/home/user/transformer_parameter_analysis/data/models/bert-base-uncased,bert-base-uncased,,bert.encoder.layer.10.output.LayerNorm.beta,,other,"(768,)",1,768,1,1,1.0,1,1.0,-0.040292929857969284,0.06814898550510406,0.00464428449049592,-0.6670143008232117,1.2341716289520264,0.0,float32,2025-09-02T10:54:23.197596
/home/user/transformer_parameter_analysis/data/models/bert-base-uncased,bert-base-uncased,,bert.encoder.layer.10.output.LayerNorm.gamma,,other,"(768,)",1,768,1,1,1.0,1,1.0,0.8172881007194519,0.061790477484464645,0.003818063298240304,0.14495736360549927,1.671432614326477,0.0,float32,2025-09-02T10:54:23.197596
/home/user/transformer_parameter_analysis/data/models/bert-base-uncased,bert-base-uncased,,bert.encoder.layer.10.output.dense.bias,,other,"(768,)",1,768,1,1,1.0,1,1.0,-0.0006125674699433148,0.10250222682952881,0.01050670724362135,-1.16737699508667,0.2844645082950592,0.0,float32,2025-09-02T10:54:23.197596
/home/user/transformer_parameter_analysis/data/models/bert-base-uncased,bert-base-uncased,,bert.encoder.layer.10.output.dense.weight,,output,"(768, 3072)",768,3072,768,768,1.0,556,0.7239583333333334,-7.990734047780279e-06,0.03792228177189827,0.0014380994252860546,-6.373070240020752,0.9037580490112305,4.238552517361111e-07,float32,2025-09-02T10:54:23.197596
/home/user/transformer_parameter_analysis/data/models/bert-base-uncased,bert-base-uncased,,bert.encoder.layer.11.attention.output.LayerNorm.beta,,other,"(768,)",1,768,1,1,1.0,1,1.0,-0.036732640117406845,0.10770470649003983,0.011600303463637829,-2.257530927658081,0.33220022916793823,0.0,float32,2025-09-02T10:54:23.197596
/home/user/transformer_parameter_analysis/data/models/bert-base-uncased,bert-base-uncased,,bert.encoder.layer.11.attention.output.LayerNorm.gamma,,other,"(768,)",1,768,1,1,1.0,1,1.0,0.8528356552124023,0.05661782622337341,0.00320557807572186,0.6582368612289429,1.6116681098937988,0.0,float32,2025-09-02T10:54:23.197596
/home/user/transformer_parameter_analysis/data/models/bert-base-uncased,bert-base-uncased,,bert.encoder.layer.11.attention.output.dense.bias,,other,"(768,)",1,768,1,1,1.0,1,1.0,-0.00018047024786937982,0.037745874375104904,0.0014247508952394128,-0.11630509793758392,0.1376049518585205,0.0,float32,2025-09-02T10:54:23.197596
/home/user/transformer_parameter_analysis/data/models/bert-base-uncased,bert-base-uncased,,bert.encoder.layer.11.attention.output.dense.weight,,output,"(768, 768)",768,768,768,768,1.0,369,0.48046875,-3.334447683300823e-06,0.036772437393665314,0.0013522120425477624,-0.3128300905227661,0.19967034459114075,0.0,float32,2025-09-02T10:54:23.197596
/home/user/transformer_parameter_analysis/data/models/bert-base-uncased,bert-base-uncased,,bert.encoder.layer.11.attention.self.key.bias,,other,"(768,)",1,768,1,1,1.0,1,1.0,-0.00015529814118053764,0.005281330086290836,2.7892447178601287e-05,-0.022570475935935974,0.03315763548016548,0.0,float32,2025-09-02T10:54:23.197596
/home/user/transformer_parameter_analysis/data/models/bert-base-uncased,bert-base-uncased,,bert.encoder.layer.11.attention.self.key.weight,,other,"(768, 768)",768,768,768,768,1.0,333,0.43359375,0.000249934324529022,0.04449304938316345,0.001979631604626775,-0.4733372628688812,0.3146648108959198,0.0,float32,2025-09-02T10:54:23.197596
/home/user/transformer_parameter_analysis/data/models/bert-base-uncased,bert-base-uncased,,bert.encoder.layer.11.attention.self.query.bias,,other,"(768,)",1,768,1,1,1.0,1,1.0,0.011840199120342731,0.21878834068775177,0.047868337482213974,-0.8306965231895447,0.7960456013679504,0.0,float32,2025-09-02T10:54:23.197596
/home/user/transformer_parameter_analysis/data/models/bert-base-uncased,bert-base-uncased,,bert.encoder.layer.11.attention.self.query.weight,,other,"(768, 768)",768,768,768,768,1.0,328,0.4270833333333333,-0.00014348194235935807,0.04550494626164436,0.0020707000512629747,-0.7210237979888916,0.6601176261901855,0.0,float32,2025-09-02T10:54:23.197596
/home/user/transformer_parameter_analysis/data/models/bert-base-uncased,bert-base-uncased,,bert.encoder.layer.11.attention.self.value.bias,,other,"(768,)",1,768,1,1,1.0,1,1.0,0.0004005084338132292,0.02023785375058651,0.0004095707554370165,-0.12437334656715393,0.0919274315237999,0.0,float32,2025-09-02T10:54:23.197596
/home/user/transformer_parameter_analysis/data/models/bert-base-uncased,bert-base-uncased,,bert.encoder.layer.11.attention.self.value.weight,,other,"(768, 768)",768,768,768,768,1.0,353,0.4596354166666667,-2.204678276029881e-05,0.03921069577336311,0.0015374786453321576,-0.26224076747894287,0.2811879813671112,0.0,float32,2025-09-02T10:54:23.197596
/home/user/transformer_parameter_analysis/data/models/bert-base-uncased,bert-base-uncased,,bert.encoder.layer.11.intermediate.dense.bias,,other,"(3072,)",1,3072,1,1,1.0,1,1.0,-0.07621192932128906,0.05343026667833328,0.002854793332517147,-0.42432504892349243,0.5640608072280884,0.0,float32,2025-09-02T10:54:23.197596
/home/user/transformer_parameter_analysis/data/models/bert-base-uncased,bert-base-uncased,,bert.encoder.layer.11.intermediate.dense.weight,,other,"(3072, 768)",3072,768,768,768,1.0,533,0.6940104166666666,0.0004207607707940042,0.039179250597953796,0.001535013783723116,-0.4475419521331787,0.2824043929576874,4.238552517361111e-07,float32,2025-09-02T10:54:23.197596
/home/user/transformer_parameter_analysis/data/models/bert-base-uncased,bert-base-uncased,,bert.encoder.layer.11.output.LayerNorm.beta,,other,"(768,)",1,768,1,1,1.0,1,1.0,-0.019211841747164726,0.04949319735169411,0.0024495767429471016,-0.1921892613172531,0.22506146132946014,0.0,float32,2025-09-02T10:54:23.197596
/home/user/transformer_parameter_analysis/data/models/bert-base-uncased,bert-base-uncased,,bert.encoder.layer.11.output.LayerNorm.gamma,,other,"(768,)",1,768,1,1,1.0,1,1.0,0.633033812046051,0.027478231117129326,0.0007550531881861389,0.2732831835746765,0.7782080173492432,0.0,float32,2025-09-02T10:54:23.197596
/home/user/transformer_parameter_analysis/data/models/bert-base-uncased,bert-base-uncased,,bert.encoder.layer.11.output.dense.bias,,other,"(768,)",1,768,1,1,1.0,1,1.0,-0.0007643302087672055,0.05736618489027023,0.0032908793073147535,-0.5730934143066406,0.14564357697963715,0.0,float32,2025-09-02T10:54:23.197596
/home/user/transformer_parameter_analysis/data/models/bert-base-uncased,bert-base-uncased,,bert.encoder.layer.11.output.dense.weight,,output,"(768, 3072)",768,3072,768,768,1.0,484,0.6302083333333334,-6.743966878275387e-06,0.03582867607474327,0.0012836939422413707,-2.148390054702759,0.9530386924743652,4.238552517361111e-07,float32,2025-09-02T10:54:23.197596
/home/user/transformer_parameter_analysis/data/models/bert-base-uncased,bert-base-uncased,,bert.encoder.layer.2.attention.output.LayerNorm.beta,,other,"(768,)",1,768,1,1,1.0,1,1.0,-0.015413778834044933,0.1758558750152588,0.030925288796424866,-2.018455743789673,0.6735600829124451,0.0,float32,2025-09-02T10:54:23.197596
/home/user/transformer_parameter_analysis/data/models/bert-base-uncased,bert-base-uncased,,bert.encoder.layer.2.attention.output.LayerNorm.gamma,,other,"(768,)",1,768,1,1,1.0,1,1.0,0.867520809173584,0.07396291941404343,0.005470513831824064,0.5520349144935608,2.283278226852417,0.0,float32,2025-09-02T10:54:23.197596
/home/user/transformer_parameter_analysis/data/models/bert-base-uncased,bert-base-uncased,,bert.encoder.layer.2.attention.output.dense.bias,,other,"(768,)",1,768,1,1,1.0,1,1.0,-0.0011404069373384118,0.08939842879772186,0.007992078550159931,-0.4168957769870758,0.4130137264728546,0.0,float32,2025-09-02T10:54:23.197596
/home/user/transformer_parameter_analysis/data/models/bert-base-uncased,bert-base-uncased,,bert.encoder.layer.2.attention.output.dense.weight,,output,"(768, 768)",768,768,768,768,1.0,326,0.4244791666666667,-2.5350470878038323e-06,0.02709074318408966,0.0007339083240367472,-0.26867255568504333,0.24440152943134308,0.0,float32,2025-09-02T10:54:23.197596
/home/user/transformer_parameter_analysis/data/models/bert-base-uncased,bert-base-uncased,,bert.encoder.layer.2.attention.self.key.bias,,other,"(768,)",1,768,1,1,1.0,1,1.0,-3.0301273000077344e-05,0.004199046641588211,1.763199361448642e-05,-0.016030414029955864,0.027058931067585945,0.0,float32,2025-09-02T10:54:23.197596
/home/user/transformer_parameter_analysis/data/models/bert-base-uncased,bert-base-uncased,,bert.encoder.layer.2.attention.self.key.weight,,other,"(768, 768)",768,768,768,768,1.0,276,0.359375,3.760127583518624e-05,0.046663060784339905,0.0021774412598460913,-0.45533061027526855,0.46017828583717346,0.0,float32,2025-09-02T10:54:23.197596
/home/user/transformer_parameter_analysis/data/models/bert-base-uncased,bert-base-uncased,,bert.encoder.layer.2.attention.self.query.bias,,other,"(768,)",1,768,1,1,1.0,1,1.0,0.0005164094618521631,0.12952549755573273,0.016776854172348976,-0.821854829788208,0.5045467615127563,0.0,float32,2025-09-02T10:54:23.197596
/home/user/transformer_parameter_analysis/data/models/bert-base-uncased,bert-base-uncased,,bert.encoder.layer.2.attention.self.query.weight,,other,"(768, 768)",768,768,768,768,1.0,292,0.3802083333333333,4.4332344259601086e-05,0.047744330018758774,0.0022795209661126137,-0.5282999873161316,0.5180970430374146,0.0,float32,2025-09-02T10:54:23.197596
/home/user/transformer_parameter_analysis/data/models/bert-base-uncased,bert-base-uncased,,bert.encoder.layer.2.attention.self.value.bias,,other,"(768,)",1,768,1,1,1.0,1,1.0,0.0037940796464681625,0.057543881237506866,0.0033112980891019106,-0.2819554805755615,0.6009590029716492,0.0,float32,2025-09-02T10:54:23.197596
/home/user/transformer_parameter_analysis/data/models/bert-base-uncased,bert-base-uncased,,bert.encoder.layer.2.attention.self.value.weight,,other,"(768, 768)",768,768,768,768,1.0,329,0.4283854166666667,-5.097951361676678e-05,0.027902018278837204,0.0007785226334817708,-0.18934692442417145,0.20702815055847168,0.0,float32,2025-09-02T10:54:23.197596
/home/user/transformer_parameter_analysis/data/models/bert-base-uncased,bert-base-uncased,,bert.encoder.layer.2.intermediate.dense.bias,,other,"(3072,)",1,3072,1,1,1.0,1,1.0,-0.09639415144920349,0.06392301619052887,0.00408615218475461,-0.3585975468158722,0.6128214001655579,0.0,float32,2025-09-02T10:54:23.197596
/home/user/transformer_parameter_analysis/data/models/bert-base-uncased,bert-base-uncased,,bert.encoder.layer.2.intermediate.dense.weight,,other,"(3072, 768)",3072,768,768,768,1.0,520,0.6770833333333334,7.529718277510256e-05,0.039878107607364655,0.001590263331308961,-0.6285343766212463,0.5733839869499207,4.238552517361111e-07,float32,2025-09-02T10:54:23.197596
/home/user/transformer_parameter_analysis/data/models/bert-base-uncased,bert-base-uncased,,bert.encoder.layer.2.output.LayerNorm.beta,,other,"(768,)",1,768,1,1,1.0,1,1.0,-0.030958950519561768,0.07477372884750366,0.005591110792011023,-0.29807931184768677,0.23033377528190613,0.0,float32,2025-09-02T10:54:23.197596
/home/user/transformer_parameter_analysis/data/models/bert-base-uncased,bert-base-uncased,,bert.encoder.layer.2.output.LayerNorm.gamma,,other,"(768,)",1,768,1,1,1.0,1,1.0,0.851325511932373,0.05241141468286514,0.0027469564229249954,0.4084452688694,0.9434692859649658,0.0,float32,2025-09-02T10:54:23.197596
/home/user/transformer_parameter_analysis/data/models/bert-base-uncased,bert-base-uncased,,bert.encoder.layer.2.output.dense.bias,,other,"(768,)",1,768,1,1,1.0,1,1.0,-0.0013623895356431603,0.07151695340871811,0.005114675033837557,-0.3673780560493469,0.24420814216136932,0.0,float32,2025-09-02T10:54:23.197596
/home/user/transformer_parameter_analysis/data/models/bert-base-uncased,bert-base-uncased,,bert.encoder.layer.2.output.dense.weight,,output,"(768, 3072)",768,3072,768,768,1.0,533,0.6940104166666666,-3.9510534406872466e-05,0.03826184570789337,0.0014639688888564706,-3.3303322792053223,1.0374956130981445,0.0,float32,2025-09-02T10:54:23.197596
/home/user/transformer_parameter_analysis/data/models/bert-base-uncased,bert-base-uncased,,bert.encoder.layer.3.attention.output.LayerNorm.beta,,other,"(768,)",1,768,1,1,1.0,1,1.0,-0.011122223921120167,0.1595328152179718,0.025450721383094788,-1.5130438804626465,0.6471133828163147,0.0,float32,2025-09-02T10:54:23.197596
/home/user/transformer_parameter_analysis/data/models/bert-base-uncased,bert-base-uncased,,bert.encoder.layer.3.attention.output.LayerNorm.gamma,,other,"(768,)",1,768,1,1,1.0,1,1.0,0.8626930117607117,0.1183023676276207,0.013995450921356678,0.5558252334594727,3.4967472553253174,0.0,float32,2025-09-02T10:54:23.197596
/home/user/transformer_parameter_analysis/data/models/bert-base-uncased,bert-base-uncased,,bert.encoder.layer.3.attention.output.dense.bias,,other,"(768,)",1,768,1,1,1.0,1,1.0,-0.0006032972596585751,0.07200092077255249,0.005184133071452379,-0.22837413847446442,0.2785753905773163,0.0,float32,2025-09-02T10:54:23.197596
/home/user/transformer_parameter_analysis/data/models/bert-base-uncased,bert-base-uncased,,bert.encoder.layer.3.attention.output.dense.weight,,output,"(768, 768)",768,768,768,768,1.0,333,0.43359375,7.136388376238756e-06,0.029059989377856255,0.0008444830309599638,-0.3878360986709595,0.26478344202041626,0.0,float32,2025-09-02T10:54:23.197596
/home/user/transformer_parameter_analysis/data/models/bert-base-uncased,bert-base-uncased,,bert.encoder.layer.3.attention.self.key.bias,,other,"(768,)",1,768,1,1,1.0,1,1.0,-0.00017970828048419207,0.004789015278220177,2.2934667867957614e-05,-0.021858761087059975,0.02150832489132881,0.0,float32,2025-09-02T10:54:23.197596
/home/user/transformer_parameter_analysis/data/models/bert-base-uncased,bert-base-uncased,,bert.encoder.layer.3.attention.self.key.weight,,other,"(768, 768)",768,768,768,768,1.0,312,0.40625,1.5101482858881354e-05,0.042830921709537506,0.0018344877753406763,-0.3447047173976898,0.34538698196411133,0.0,float32,2025-09-02T10:54:23.197596
/home/user/transformer_parameter_analysis/data/models/bert-base-uncased,bert-base-uncased,,bert.encoder.layer.3.attention.self.query.bias,,other,"(768,)",1,768,1,1,1.0,1,1.0,-0.011320407502353191,0.1373262107372284,0.01885848678648472,-0.7680705785751343,0.5715215802192688,0.0,float32,2025-09-02T10:54:23.197596
/home/user/transformer_parameter_analysis/data/models/bert-base-uncased,bert-base-uncased,,bert.encoder.layer.3.attention.self.query.weight,,other,"(768, 768)",768,768,768,768,1.0,319,0.4153645833333333,0.000288643641397357,0.04300808906555176,0.0018496958073228598,-0.3360261619091034,0.33337512612342834,0.0,float32,2025-09-02T10:54:23.197596
/home/user/transformer_parameter_analysis/data/models/bert-base-uncased,bert-base-uncased,,bert.encoder.layer.3.attention.self.value.bias,,other,"(768,)",1,768,1,1,1.0,1,1.0,0.0011600031284615397,0.03269511088728905,0.0010689703049138188,-0.2597641944885254,0.3207624852657318,0.0,float32,2025-09-02T10:54:23.197596
/home/user/transformer_parameter_analysis/data/models/bert-base-uncased,bert-base-uncased,,bert.encoder.layer.3.attention.self.value.weight,,other,"(768, 768)",768,768,768,768,1.0,317,0.4127604166666667,-6.747680163243786e-05,0.03116559237241745,0.0009712941246107221,-0.18246334791183472,0.19132950901985168,0.0,float32,2025-09-02T10:54:23.197596
/home/user/transformer_parameter_analysis/data/models/bert-base-uncased,bert-base-uncased,,bert.encoder.layer.3.intermediate.dense.bias,,other,"(3072,)",1,3072,1,1,1.0,1,1.0,-0.09728500992059708,0.05637972801923752,0.0031786737963557243,-0.3895377218723297,0.5937026739120483,0.0,float32,2025-09-02T10:54:23.197596
/home/user/transformer_parameter_analysis/data/models/bert-base-uncased,bert-base-uncased,,bert.encoder.layer.3.intermediate.dense.weight,,other,"(3072, 768)",3072,768,768,768,1.0,526,0.6848958333333334,-7.169818127295002e-05,0.0404515266418457,0.0016363259637728333,-0.657655656337738,0.6304351687431335,4.238552517361111e-07,float32,2025-09-02T10:54:23.197596
/home/user/transformer_parameter_analysis/data/models/bert-base-uncased,bert-base-uncased,,bert.encoder.layer.3.output.LayerNorm.beta,,other,"(768,)",1,768,1,1,1.0,1,1.0,-0.0332166850566864,0.05227586627006531,0.002732766093686223,-0.25705334544181824,0.17468005418777466,0.0,float32,2025-09-02T10:54:23.197596
/home/user/transformer_parameter_analysis/data/models/bert-base-uncased,bert-base-uncased,,bert.encoder.layer.3.output.LayerNorm.gamma,,other,"(768,)",1,768,1,1,1.0,1,1.0,0.8110942840576172,0.04380425438284874,0.001918812864460051,0.38812822103500366,0.9094465374946594,0.0,float32,2025-09-02T10:54:23.197596
/home/user/transformer_parameter_analysis/data/models/bert-base-uncased,bert-base-uncased,,bert.encoder.layer.3.output.dense.bias,,other,"(768,)",1,768,1,1,1.0,1,1.0,-0.001675270963460207,0.07314597815275192,0.005350334569811821,-0.6083546876907349,0.20601637661457062,0.0,float32,2025-09-02T10:54:23.197596
/home/user/transformer_parameter_analysis/data/models/bert-base-uncased,bert-base-uncased,,bert.encoder.layer.3.output.dense.weight,,output,"(768, 3072)",768,3072,768,768,1.0,531,0.69140625,-3.598555122152902e-05,0.0393054373562336,0.001544917467981577,-6.64035701751709,0.779172956943512,0.0,float32,2025-09-02T10:54:23.197596
/home/user/transformer_parameter_analysis/data/models/bert-base-uncased,bert-base-uncased,,bert.encoder.layer.4.attention.output.LayerNorm.beta,,other,"(768,)",1,768,1,1,1.0,1,1.0,-0.01821800321340561,0.14411036670207977,0.020767798647284508,-1.297004222869873,0.7243297100067139,0.0,float32,2025-09-02T10:54:23.197596
/home/user/transformer_parameter_analysis/data/models/bert-base-uncased,bert-base-uncased,,bert.encoder.layer.4.attention.output.LayerNorm.gamma,,other,"(768,)",1,768,1,1,1.0,1,1.0,0.8386680483818054,0.12370514124631882,0.015302962623536587,0.5653402209281921,3.7373547554016113,0.0,float32,2025-09-02T10:54:23.197596
/home/user/transformer_parameter_analysis/data/models/bert-base-uncased,bert-base-uncased,,bert.encoder.layer.4.attention.output.dense.bias,,other,"(768,)",1,768,1,1,1.0,1,1.0,-8.326970419147983e-05,0.04153970256447792,0.0017255468992516398,-0.14322306215763092,0.5205367803573608,0.0,float32,2025-09-02T10:54:23.197596
/home/user/transformer_parameter_analysis/data/models/bert-base-uncased,bert-base-uncased,,bert.encoder.layer.4.attention.output.dense.weight,,output,"(768, 768)",768,768,768,768,1.0,346,0.4505208333333333,1.5333826013375074e-05,0.032517209649086,0.0010573689360171556,-0.32894155383110046,0.23675276339054108,0.0,float32,2025-09-02T10:54:23.197596
/home/user/transformer_parameter_analysis/data/models/bert-base-uncased,bert-base-uncased,,bert.encoder.layer.4.attention.self.key.bias,,other,"(768,)",1,768,1,1,1.0,1,1.0,0.00010827352525666356,0.00482178246602416,2.32495858654147e-05,-0.017516419291496277,0.022146357223391533,0.0,float32,2025-09-02T10:54:23.197596
/home/user/transformer_parameter_analysis/data/models/bert-base-uncased,bert-base-uncased,,bert.encoder.layer.4.attention.self.key.weight,,other,"(768, 768)",768,768,768,768,1.0,322,0.4192708333333333,1.2568348211061675e-05,0.04183629900217056,0.0017502759583294392,-0.3663024604320526,0.3910461366176605,0.0,float32,2025-09-02T10:54:23.197596
/home/user/transformer_parameter_analysis/data/models/bert-base-uncased,bert-base-uncased,,bert.encoder.layer.4.attention.self.query.bias,,other,"(768,)",1,768,1,1,1.0,1,1.0,0.002261452144011855,0.1477106213569641,0.021818429231643677,-0.7206923365592957,0.6234407424926758,0.0,float32,2025-09-02T10:54:23.197596
/home/user/transformer_parameter_analysis/data/models/bert-base-uncased,bert-base-uncased,,bert.encoder.layer.4.attention.self.query.weight,,other,"(768, 768)",768,768,768,768,1.0,321,0.41796875,-0.00012311989848967642,0.042080458253622055,0.0017707650549709797,-0.3893369138240814,0.34996548295021057,1.6954210069444444e-06,float32,2025-09-02T10:54:23.197596
/home/user/transformer_parameter_analysis/data/models/bert-base-uncased,bert-base-uncased,,bert.encoder.layer.4.attention.self.value.bias,,other,"(768,)",1,768,1,1,1.0,1,1.0,-0.00035660923458635807,0.02679411508142948,0.0007179246167652309,-0.15994058549404144,0.1672433316707611,0.0,float32,2025-09-02T10:54:23.197596
/home/user/transformer_parameter_analysis/data/models/bert-base-uncased,bert-base-uncased,,bert.encoder.layer.4.attention.self.value.weight,,other,"(768, 768)",768,768,768,768,1.0,329,0.4283854166666667,5.983287701383233e-05,0.034907128661870956,0.001218507532030344,-0.2089407742023468,0.20931585133075714,0.0,float32,2025-09-02T10:54:23.197596
/home/user/transformer_parameter_analysis/data/models/bert-base-uncased,bert-base-uncased,,bert.encoder.layer.4.intermediate.dense.bias,,other,"(3072,)",1,3072,1,1,1.0,1,1.0,-0.09711924940347672,0.07125214487314224,0.0050768679939210415,-0.4078505337238312,0.5084296464920044,0.0,float32,2025-09-02T10:54:23.197596
/home/user/transformer_parameter_analysis/data/models/bert-base-uncased,bert-base-uncased,,bert.encoder.layer.4.intermediate.dense.weight,,other,"(3072, 768)",3072,768,768,768,1.0,529,0.6888020833333334,8.538368274457753e-05,0.04075531288981438,0.0016609954182058573,-0.5355212688446045,0.8643911480903625,4.238552517361111e-07,float32,2025-09-02T10:54:23.197596
/home/user/transformer_parameter_analysis/data/models/bert-base-uncased,bert-base-uncased,,bert.encoder.layer.4.output.LayerNorm.beta,,other,"(768,)",1,768,1,1,1.0,1,1.0,-0.03118368238210678,0.050743572413921356,0.0025749101769179106,-0.24891473352909088,0.2101401835680008,0.0,float32,2025-09-02T10:54:23.197596
/home/user/transformer_parameter_analysis/data/models/bert-base-uncased,bert-base-uncased,,bert.encoder.layer.4.output.LayerNorm.gamma,,other,"(768,)",1,768,1,1,1.0,1,1.0,0.8397259712219238,0.04447893053293228,0.0019783752504736185,0.36048126220703125,0.939432680606842,0.0,float32,2025-09-02T10:54:23.197596
/home/user/transformer_parameter_analysis/data/models/bert-base-uncased,bert-base-uncased,,bert.encoder.layer.4.output.dense.bias,,other,"(768,)",1,768,1,1,1.0,1,1.0,-0.0009512677788734436,0.053922537714242935,0.002907640067860484,-0.3430165648460388,0.20724642276763916,0.0,float32,2025-09-02T10:54:23.197596
/home/user/transformer_parameter_analysis/data/models/bert-base-uncased,bert-base-uncased,,bert.encoder.layer.4.output.dense.weight,,output,"(768, 3072)",768,3072,768,768,1.0,524,0.6822916666666666,-1.650095327931922e-05,0.0398590974509716,0.001588747720234096,-6.817561626434326,1.944901466369629,4.238552517361111e-07,float32,2025-09-02T10:54:23.197596
/home/user/transformer_parameter_analysis/data/models/bert-base-uncased,bert-base-uncased,,bert.encoder.layer.5.attention.output.LayerNorm.beta,,other,"(768,)",1,768,1,1,1.0,1,1.0,-0.01827150024473667,0.13646170496940613,0.018621796742081642,-1.3959991931915283,0.6273843050003052,0.0,float32,2025-09-02T10:54:23.197596
/home/user/transformer_parameter_analysis/data/models/bert-base-uncased,bert-base-uncased,,bert.encoder.layer.5.attention.output.LayerNorm.gamma,,other,"(768,)",1,768,1,1,1.0,1,1.0,0.8466060757637024,0.11070109903812408,0.01225473266094923,0.6131534576416016,3.39553165435791,0.0,float32,2025-09-02T10:54:23.197596
/home/user/transformer_parameter_analysis/data/models/bert-base-uncased,bert-base-uncased,,bert.encoder.layer.5.attention.output.dense.bias,,other,"(768,)",1,768,1,1,1.0,1,1.0,7.499785624531796e-06,0.04365326464176178,0.0019056074088439345,-0.11525600403547287,0.7709777355194092,0.0,float32,2025-09-02T10:54:23.197596
/home/user/transformer_parameter_analysis/data/models/bert-base-uncased,bert-base-uncased,,bert.encoder.layer.5.attention.output.dense.weight,,output,"(768, 768)",768,768,768,768,1.0,349,0.4544270833333333,1.6166195564437658e-05,0.033152200281620026,0.0010990683222189546,-0.2976266145706177,0.3215669095516205,0.0,float32,2025-09-02T10:54:23.197596
/home/user/transformer_parameter_analysis/data/models/bert-base-uncased,bert-base-uncased,,bert.encoder.layer.5.attention.self.key.bias,,other,"(768,)",1,768,1,1,1.0,1,1.0,0.00011854298645630479,0.005972514394670725,3.567092790035531e-05,-0.01865173876285553,0.023574111983180046,0.0,float32,2025-09-02T10:54:23.197596
/home/user/transformer_parameter_analysis/data/models/bert-base-uncased,bert-base-uncased,,bert.encoder.layer.5.attention.self.key.weight,,other,"(768, 768)",768,768,768,768,1.0,317,0.4127604166666667,-5.9039273764938116e-05,0.043344322592020035,0.0018787303706631064,-0.3216269016265869,0.3594684600830078,0.0,float32,2025-09-02T10:54:23.197596
/home/user/transformer_parameter_analysis/data/models/bert-base-uncased,bert-base-uncased,,bert.encoder.layer.5.attention.self.query.bias,,other,"(768,)",1,768,1,1,1.0,1,1.0,-0.0014482807600870728,0.126010000705719,0.015878519043326378,-0.5517748594284058,0.692677915096283,0.0,float32,2025-09-02T10:54:23.197596
/home/user/transformer_parameter_analysis/data/models/bert-base-uncased,bert-base-uncased,,bert.encoder.layer.5.attention.self.query.weight,,other,"(768, 768)",768,768,768,768,1.0,319,0.4153645833333333,-2.6862644517677836e-05,0.04337209463119507,0.0018811385380104184,-0.34015166759490967,0.3671417534351349,0.0,float32,2025-09-02T10:54:23.197596
/home/user/transformer_parameter_analysis/data/models/bert-base-uncased,bert-base-uncased,,bert.encoder.layer.5.attention.self.value.bias,,other,"(768,)",1,768,1,1,1.0,1,1.0,0.00034547445829957724,0.02737102285027504,0.0007491728756576777,-0.19727155566215515,0.0990908071398735,0.0,float32,2025-09-02T10:54:23.197596
/home/user/transformer_parameter_analysis/data/models/bert-base-uncased,bert-base-uncased,,bert.encoder.layer.5.attention.self.value.weight,,other,"(768, 768)",768,768,768,768,1.0,335,0.4361979166666667,-3.821546852122992e-05,0.034922633320093155,0.0012195904273539782,-0.22094139456748962,0.21367095410823822,0.0,float32,2025-09-02T10:54:23.197596
/home/user/transformer_parameter_analysis/data/models/bert-base-uncased,bert-base-uncased,,bert.encoder.layer.5.intermediate.dense.bias,,other,"(3072,)",1,3072,1,1,1.0,1,1.0,-0.09814073890447617,0.07258155941963196,0.0052680824883282185,-0.43634194135665894,0.5898241400718689,0.0,float32,2025-09-02T10:54:23.197596
/home/user/transformer_parameter_analysis/data/models/bert-base-uncased,bert-base-uncased,,bert.encoder.layer.5.intermediate.dense.weight,,other,"(3072, 768)",3072,768,768,768,1.0,531,0.69140625,4.665643427870236e-05,0.04054627940058708,0.001644000643864274,-0.35396239161491394,0.5516349077224731,4.238552517361111e-07,float32,2025-09-02T10:54:23.197596
/home/user/transformer_parameter_analysis/data/models/bert-base-uncased,bert-base-uncased,,bert.encoder.layer.5.output.LayerNorm.beta,,other,"(768,)",1,768,1,1,1.0,1,1.0,-0.031770605593919754,0.059592556208372116,0.0035512729082256556,-0.3944163918495178,0.4025968909263611,0.0,float32,2025-09-02T10:54:23.197596
/home/user/transformer_parameter_analysis/data/models/bert-base-uncased,bert-base-uncased,,bert.encoder.layer.5.output.LayerNorm.gamma,,other,"(768,)",1,768,1,1,1.0,1,1.0,0.8322342038154602,0.036979760974645615,0.0013675028458237648,0.4105837345123291,0.9391297101974487,0.0,float32,2025-09-02T10:54:23.197596
/home/user/transformer_parameter_analysis/data/models/bert-base-uncased,bert-base-uncased,,bert.encoder.layer.5.output.dense.bias,,other,"(768,)",1,768,1,1,1.0,1,1.0,-0.00025175794144161046,0.057787079364061356,0.003339346731081605,-0.61680006980896,0.19401706755161285,0.0,float32,2025-09-02T10:54:23.197596
/home/user/transformer_parameter_analysis/data/models/bert-base-uncased,bert-base-uncased,,bert.encoder.layer.5.output.dense.weight,,output,"(768, 3072)",768,3072,768,768,1.0,522,0.6796875,5.815165422973223e-06,0.03929346799850464,0.0015439767157658935,-6.0234551429748535,2.497267484664917,0.0,float32,2025-09-02T10:54:23.197596
/home/user/transformer_parameter_analysis/data/models/bert-base-uncased,bert-base-uncased,,bert.encoder.layer.6.attention.output.LayerNorm.beta,,other,"(768,)",1,768,1,1,1.0,1,1.0,-0.01901535503566265,0.1409585326910019,0.019869308918714523,-2.002924680709839,0.6333717107772827,0.0,float32,2025-09-02T10:54:23.197596
/home/user/transformer_parameter_analysis/data/models/bert-base-uncased,bert-base-uncased,,bert.encoder.layer.6.attention.output.LayerNorm.gamma,,other,"(768,)",1,768,1,1,1.0,1,1.0,0.8275267481803894,0.1080399751663208,0.011672635562717915,0.6245177984237671,3.344468355178833,0.0,float32,2025-09-02T10:54:23.197596
/home/user/transformer_parameter_analysis/data/models/bert-base-uncased,bert-base-uncased,,bert.encoder.layer.6.attention.output.dense.bias,,other,"(768,)",1,768,1,1,1.0,1,1.0,5.91099560551811e-05,0.05047566071152687,0.0025477921590209007,-0.20157472789287567,0.8215048909187317,0.0,float32,2025-09-02T10:54:23.197596
/home/user/transformer_parameter_analysis/data/models/bert-base-uncased,bert-base-uncased,,bert.encoder.layer.6.attention.output.dense.weight,,output,"(768, 768)",768,768,768,768,1.0,361,0.4700520833333333,-2.8768859010597225e-06,0.032221391797065735,0.0010382181499153376,-0.21602025628089905,0.20038966834545135,0.0,float32,2025-09-02T10:54:23.197596
/home/user/transformer_parameter_analysis/data/models/bert-base-uncased,bert-base-uncased,,bert.encoder.layer.6.attention.self.key.bias,,other,"(768,)",1,768,1,1,1.0,1,1.0,-0.00011518657993292436,0.005339240189641714,2.850748751370702e-05,-0.02312006987631321,0.02162410318851471,0.0,float32,2025-09-02T10:54:23.197596
/home/user/transformer_parameter_analysis/data/models/bert-base-uncased,bert-base-uncased,,bert.encoder.layer.6.attention.self.key.weight,,other,"(768, 768)",768,768,768,768,1.0,308,0.4010416666666667,-5.165209586266428e-05,0.042955342680215836,0.0018451615469530225,-0.3337151110172272,0.36005645990371704,0.0,float32,2025-09-02T10:54:23.197596
/home/user/transformer_parameter_analysis/data/models/bert-base-uncased,bert-base-uncased,,bert.encoder.layer.6.attention.self.query.bias,,other,"(768,)",1,768,1,1,1.0,1,1.0,-0.00538673996925354,0.12801432609558105,0.016387667506933212,-0.6010485291481018,0.5922256708145142,0.0,float32,2025-09-02T10:54:23.197596
/home/user/transformer_parameter_analysis/data/models/bert-base-uncased,bert-base-uncased,,bert.encoder.layer.6.attention.self.query.weight,,other,"(768, 768)",768,768,768,768,1.0,311,0.4049479166666667,6.366468005580828e-05,0.04297889396548271,0.00184718519449234,-0.2717173397541046,0.3202749490737915,0.0,float32,2025-09-02T10:54:23.197596
/home/user/transformer_parameter_analysis/data/models/bert-base-uncased,bert-base-uncased,,bert.encoder.layer.6.attention.self.value.bias,,other,"(768,)",1,768,1,1,1.0,1,1.0,0.0003897251153830439,0.03530590236186981,0.0012465068139135838,-0.15687593817710876,0.1581735908985138,0.0,float32,2025-09-02T10:54:23.197596
/home/user/transformer_parameter_analysis/data/models/bert-base-uncased,bert-base-uncased,,bert.encoder.layer.6.attention.self.value.weight,,other,"(768, 768)",768,768,768,768,1.0,347,0.4518229166666667,2.3584718292113394e-05,0.03404264152050018,0.0011589013738557696,-0.19377253949642181,0.1851368546485901,0.0,float32,2025-09-02T10:54:23.197596
/home/user/transformer_parameter_analysis/data/models/bert-base-uncased,bert-base-uncased,,bert.encoder.layer.6.intermediate.dense.bias,,other,"(3072,)",1,3072,1,1,1.0,1,1.0,-0.09549372643232346,0.07251464575529099,0.005258373916149139,-0.4642198085784912,0.7195019125938416,0.0,float32,2025-09-02T10:54:23.197596
/home/user/transformer_parameter_analysis/data/models/bert-base-uncased,bert-base-uncased,,bert.encoder.layer.6.intermediate.dense.weight,,other,"(3072, 768)",3072,768,768,768,1.0,534,0.6953125,-3.4460126698832028e-06,0.040751565247774124,0.0016606899444013834,-0.2982273995876312,0.3509213924407959,0.0,float32,2025-09-02T10:54:23.197596
/home/user/transformer_parameter_analysis/data/models/bert-base-uncased,bert-base-uncased,,bert.encoder.layer.6.output.LayerNorm.beta,,other,"(768,)",1,768,1,1,1.0,1,1.0,-0.033236488699913025,0.06338386237621307,0.004017513711005449,-0.33700093626976013,0.7848560810089111,0.0,float32,2025-09-02T10:54:23.197596
/home/user/transformer_parameter_analysis/data/models/bert-base-uncased,bert-base-uncased,,bert.encoder.layer.6.output.LayerNorm.gamma,,other,"(768,)",1,768,1,1,1.0,1,1.0,0.8336251378059387,0.03651867434382439,0.0013336135307326913,0.37472447752952576,0.9152238368988037,0.0,float32,2025-09-02T10:54:23.197596
/home/user/transformer_parameter_analysis/data/models/bert-base-uncased,bert-base-uncased,,bert.encoder.layer.6.output.dense.bias,,other,"(768,)",1,768,1,1,1.0,1,1.0,-0.0002014178317040205,0.07018635421991348,0.00492612412199378,-0.5503271818161011,0.2434438318014145,0.0,float32,2025-09-02T10:54:23.197596
/home/user/transformer_parameter_analysis/data/models/bert-base-uncased,bert-base-uncased,,bert.encoder.layer.6.output.dense.weight,,output,"(768, 3072)",768,3072,768,768,1.0,515,0.6705729166666666,1.548234467918519e-05,0.038788605481386185,0.0015045558102428913,-4.809151649475098,1.6329282522201538,0.0,float32,2025-09-02T10:54:23.197596
/home/user/transformer_parameter_analysis/data/models/bert-base-uncased,bert-base-uncased,,bert.encoder.layer.7.attention.output.LayerNorm.beta,,other,"(768,)",1,768,1,1,1.0,1,1.0,-0.02548348717391491,0.14387941360473633,0.02070128358900547,-2.048441171646118,0.4384613335132599,0.0,float32,2025-09-02T10:54:23.197596
/home/user/transformer_parameter_analysis/data/models/bert-base-uncased,bert-base-uncased,,bert.encoder.layer.7.attention.output.LayerNorm.gamma,,other,"(768,)",1,768,1,1,1.0,1,1.0,0.8220710158348083,0.10586748272180557,0.011207924224436283,0.6463621258735657,3.3634085655212402,0.0,float32,2025-09-02T10:54:23.197596
/home/user/transformer_parameter_analysis/data/models/bert-base-uncased,bert-base-uncased,,bert.encoder.layer.7.attention.output.dense.bias,,other,"(768,)",1,768,1,1,1.0,1,1.0,0.0006063361652195454,0.06272801011800766,0.003934802953153849,-0.1270497441291809,1.3826851844787598,0.0,float32,2025-09-02T10:54:23.197596
/home/user/transformer_parameter_analysis/data/models/bert-base-uncased,bert-base-uncased,,bert.encoder.layer.7.attention.output.dense.weight,,output,"(768, 768)",768,768,768,768,1.0,384,0.5,-1.4654672668257263e-05,0.03168938681483269,0.0010042173089459538,-0.24495190382003784,0.2465004026889801,0.0,float32,2025-09-02T10:54:23.197596
/home/user/transformer_parameter_analysis/data/models/bert-base-uncased,bert-base-uncased,,bert.encoder.layer.7.attention.self.key.bias,,other,"(768,)",1,768,1,1,1.0,1,1.0,0.0001260165881831199,0.005400469060987234,2.9165066735004075e-05,-0.0213619451969862,0.020260829478502274,0.0,float32,2025-09-02T10:54:23.197596
/home/user/transformer_parameter_analysis/data/models/bert-base-uncased,bert-base-uncased,,bert.encoder.layer.7.attention.self.key.weight,,other,"(768, 768)",768,768,768,768,1.0,295,0.3841145833333333,-1.195802542497404e-05,0.04348982125520706,0.00189136469271034,-0.3854716718196869,0.434326171875,0.0,float32,2025-09-02T10:54:23.197596
/home/user/transformer_parameter_analysis/data/models/bert-base-uncased,bert-base-uncased,,bert.encoder.layer.7.attention.self.query.bias,,other,"(768,)",1,768,1,1,1.0,1,1.0,-0.0035085242707282305,0.14500193297863007,0.021025558933615685,-0.865475058555603,0.5887827277183533,0.0,float32,2025-09-02T10:54:23.197596
/home/user/transformer_parameter_analysis/data/models/bert-base-uncased,bert-base-uncased,,bert.encoder.layer.7.attention.self.query.weight,,other,"(768, 768)",768,768,768,768,1.0,298,0.3880208333333333,-5.8056589296029415e-06,0.04335786774754524,0.0018799046520143747,-0.26866596937179565,0.3302304744720459,0.0,float32,2025-09-02T10:54:23.197596
/home/user/transformer_parameter_analysis/data/models/bert-base-uncased,bert-base-uncased,,bert.encoder.layer.7.attention.self.value.bias,,other,"(768,)",1,768,1,1,1.0,1,1.0,-0.0023138958495110273,0.041309110820293427,0.0017064426792785525,-0.23632551729679108,0.18783517181873322,0.0,float32,2025-09-02T10:54:23.197596
/home/user/transformer_parameter_analysis/data/models/bert-base-uncased,bert-base-uncased,,bert.encoder.layer.7.attention.self.value.weight,,other,"(768, 768)",768,768,768,768,1.0,364,0.4739583333333333,9.529307862976566e-05,0.03290732949972153,0.0010828922968357801,-0.19491936266422272,0.1688738614320755,0.0,float32,2025-09-02T10:54:23.197596
/home/user/transformer_parameter_analysis/data/models/bert-base-uncased,bert-base-uncased,,bert.encoder.layer.7.intermediate.dense.bias,,other,"(3072,)",1,3072,1,1,1.0,1,1.0,-0.10211306810379028,0.062405798584222794,0.003894483670592308,-0.47198617458343506,0.5761567950248718,0.0,float32,2025-09-02T10:54:23.197596
/home/user/transformer_parameter_analysis/data/models/bert-base-uncased,bert-base-uncased,,bert.encoder.layer.7.intermediate.dense.weight,,other,"(3072, 768)",3072,768,768,768,1.0,530,0.6901041666666666,0.00031754831434227526,0.0391085222363472,0.0015294764889404178,-0.31864169239997864,0.3975801467895508,0.0,float32,2025-09-02T10:54:23.197596
/home/user/transformer_parameter_analysis/data/models/bert-base-uncased,bert-base-uncased,,bert.encoder.layer.7.output.LayerNorm.beta,,other,"(768,)",1,768,1,1,1.0,1,1.0,-0.032977085560560226,0.06487442553043365,0.004208691418170929,-0.21645356714725494,0.9590063095092773,0.0,float32,2025-09-02T10:54:23.197596
/home/user/transformer_parameter_analysis/data/models/bert-base-uncased,bert-base-uncased,,bert.encoder.layer.7.output.LayerNorm.gamma,,other,"(768,)",1,768,1,1,1.0,1,1.0,0.8104994893074036,0.030083708465099335,0.0009050294756889343,0.33498066663742065,1.1629489660263062,0.0,float32,2025-09-02T10:54:23.197596
/home/user/transformer_parameter_analysis/data/models/bert-base-uncased,bert-base-uncased,,bert.encoder.layer.7.output.dense.bias,,other,"(768,)",1,768,1,1,1.0,1,1.0,-0.0002693116257432848,0.08154744654893875,0.006649985909461975,-0.7445317506790161,0.20954999327659607,0.0,float32,2025-09-02T10:54:23.197596
/home/user/transformer_parameter_analysis/data/models/bert-base-uncased,bert-base-uncased,,bert.encoder.layer.7.output.dense.weight,,output,"(768, 3072)",768,3072,768,768,1.0,538,0.7005208333333334,5.447757303045364e-07,0.03750066086649895,0.001406299532391131,-3.561988353729248,0.9513964056968689,4.238552517361111e-07,float32,2025-09-02T10:54:23.197596
/home/user/transformer_parameter_analysis/data/models/bert-base-uncased,bert-base-uncased,,bert.encoder.layer.8.attention.output.LayerNorm.beta,,other,"(768,)",1,768,1,1,1.0,1,1.0,-0.026650333777070045,0.12762705981731415,0.016288666054606438,-1.7459608316421509,0.3631560504436493,0.0,float32,2025-09-02T10:54:23.197596
/home/user/transformer_parameter_analysis/data/models/bert-base-uncased,bert-base-uncased,,bert.encoder.layer.8.attention.output.LayerNorm.gamma,,other,"(768,)",1,768,1,1,1.0,1,1.0,0.8367538452148438,0.1030225083231926,0.0106136379763484,0.6144183278083801,3.4025073051452637,0.0,float32,2025-09-02T10:54:23.197596
/home/user/transformer_parameter_analysis/data/models/bert-base-uncased,bert-base-uncased,,bert.encoder.layer.8.attention.output.dense.bias,,other,"(768,)",1,768,1,1,1.0,1,1.0,0.00026064165285788476,0.06383760273456573,0.004075239412486553,-0.19562987983226776,1.2156602144241333,0.0,float32,2025-09-02T10:54:23.197596
/home/user/transformer_parameter_analysis/data/models/bert-base-uncased,bert-base-uncased,,bert.encoder.layer.8.attention.output.dense.weight,,output,"(768, 768)",768,768,768,768,1.0,367,0.4778645833333333,-1.6891167433641385e-06,0.03355789557099342,0.0011261324398219585,-0.5421141982078552,0.41073885560035706,0.0,float32,2025-09-02T10:54:23.197596
/home/user/transformer_parameter_analysis/data/models/bert-base-uncased,bert-base-uncased,,bert.encoder.layer.8.attention.self.key.bias,,other,"(768,)",1,768,1,1,1.0,1,1.0,0.00024041983124334365,0.00665264530107379,4.425768929650076e-05,-0.01806599274277687,0.0252956822514534,0.0,float32,2025-09-02T10:54:23.197596
/home/user/transformer_parameter_analysis/data/models/bert-base-uncased,bert-base-uncased,,bert.encoder.layer.8.attention.self.key.weight,,other,"(768, 768)",768,768,768,768,1.0,308,0.4010416666666667,-4.2690226109698415e-05,0.04413144290447235,0.001947584212757647,-0.40166378021240234,0.38411179184913635,0.0,float32,2025-09-02T10:54:23.197596
/home/user/transformer_parameter_analysis/data/models/bert-base-uncased,bert-base-uncased,,bert.encoder.layer.8.attention.self.query.bias,,other,"(768,)",1,768,1,1,1.0,1,1.0,-0.00893902126699686,0.1743527054786682,0.030398866161704063,-0.6897562146186829,0.7404931783676147,0.0,float32,2025-09-02T10:54:23.197596
/home/user/transformer_parameter_analysis/data/models/bert-base-uncased,bert-base-uncased,,bert.encoder.layer.8.attention.self.query.weight,,other,"(768, 768)",768,768,768,768,1.0,310,0.4036458333333333,0.0001210563350468874,0.044020168483257294,0.0019377751741558313,-0.3796270489692688,0.35009923577308655,0.0,float32,2025-09-02T10:54:23.197596
/home/user/transformer_parameter_analysis/data/models/bert-base-uncased,bert-base-uncased,,bert.encoder.layer.8.attention.self.value.bias,,other,"(768,)",1,768,1,1,1.0,1,1.0,-0.0005842854152433574,0.04427799955010414,0.001960541121661663,-0.4491664469242096,0.23946444690227509,0.0,float32,2025-09-02T10:54:23.197596
/home/user/transformer_parameter_analysis/data/models/bert-base-uncased,bert-base-uncased,,bert.encoder.layer.8.attention.self.value.weight,,other,"(768, 768)",768,768,768,768,1.0,349,0.4544270833333333,9.540911378280725e-06,0.035406239330768585,0.0012536018621176481,-0.1871761828660965,0.17780016362667084,0.0,float32,2025-09-02T10:54:23.197596
/home/user/transformer_parameter_analysis/data/models/bert-base-uncased,bert-base-uncased,,bert.encoder.layer.8.intermediate.dense.bias,,other,"(3072,)",1,3072,1,1,1.0,1,1.0,-0.09970869868993759,0.04841792210936546,0.002344295149669051,-0.4334365129470825,0.44552308320999146,0.0,float32,2025-09-02T10:54:23.197596
/home/user/transformer_parameter_analysis/data/models/bert-base-uncased,bert-base-uncased,,bert.encoder.layer.8.intermediate.dense.weight,,other,"(3072, 768)",3072,768,768,768,1.0,528,0.6875,0.00039120251312851906,0.03900829330086708,0.0015216469764709473,-0.43370410799980164,0.37640872597694397,4.238552517361111e-07,float32,2025-09-02T10:54:23.197596
/home/user/transformer_parameter_analysis/data/models/bert-base-uncased,bert-base-uncased,,bert.encoder.layer.8.output.LayerNorm.beta,,other,"(768,)",1,768,1,1,1.0,1,1.0,-0.03498357534408569,0.061550769954919815,0.0037884972989559174,-0.25012171268463135,0.6952294707298279,0.0,float32,2025-09-02T10:54:23.197596
/home/user/transformer_parameter_analysis/data/models/bert-base-uncased,bert-base-uncased,,bert.encoder.layer.8.output.LayerNorm.gamma,,other,"(768,)",1,768,1,1,1.0,1,1.0,0.8310534358024597,0.04217715933918953,0.0017789126140996814,0.26163148880004883,1.6178531646728516,0.0,float32,2025-09-02T10:54:23.197596
/home/user/transformer_parameter_analysis/data/models/bert-base-uncased,bert-base-uncased,,bert.encoder.layer.8.output.dense.bias,,other,"(768,)",1,768,1,1,1.0,1,1.0,-6.303245754679665e-05,0.08664891868829727,0.007508035283535719,-0.8094791173934937,0.4327705204486847,0.0,float32,2025-09-02T10:54:23.197596
/home/user/transformer_parameter_analysis/data/models/bert-base-uncased,bert-base-uncased,,bert.encoder.layer.8.output.dense.weight,,output,"(768, 3072)",768,3072,768,768,1.0,551,0.7174479166666666,-3.673769413126138e-07,0.03734726086258888,0.0013948178384453058,-3.1352038383483887,1.1222258806228638,0.0,float32,2025-09-02T10:54:23.197596
/home/user/transformer_parameter_analysis/data/models/bert-base-uncased,bert-base-uncased,,bert.encoder.layer.9.attention.output.LayerNorm.beta,,other,"(768,)",1,768,1,1,1.0,1,1.0,-0.029711788520216942,0.13314110040664673,0.017726551741361618,-1.4833042621612549,1.0448744297027588,0.0,float32,2025-09-02T10:54:23.197596
/home/user/transformer_parameter_analysis/data/models/bert-base-uncased,bert-base-uncased,,bert.encoder.layer.9.attention.output.LayerNorm.gamma,,other,"(768,)",1,768,1,1,1.0,1,1.0,0.8171906471252441,0.08064939081668854,0.006504323799163103,0.6058376431465149,2.525020122528076,0.0,float32,2025-09-02T10:54:23.197596
/home/user/transformer_parameter_analysis/data/models/bert-base-uncased,bert-base-uncased,,bert.encoder.layer.9.attention.output.dense.bias,,other,"(768,)",1,768,1,1,1.0,1,1.0,0.0004167376318946481,0.06143306940793991,0.0037740219850093126,-0.16211505234241486,0.6454756259918213,0.0,float32,2025-09-02T10:54:23.197596
/home/user/transformer_parameter_analysis/data/models/bert-base-uncased,bert-base-uncased,,bert.encoder.layer.9.attention.output.dense.weight,,output,"(768, 768)",768,768,768,768,1.0,387,0.50390625,1.0377032594988123e-05,0.03269939869642258,0.001069250633008778,-0.3736896216869354,0.35814473032951355,0.0,float32,2025-09-02T10:54:23.197596
/home/user/transformer_parameter_analysis/data/models/bert-base-uncased,bert-base-uncased,,bert.encoder.layer.9.attention.self.key.bias,,other,"(768,)",1,768,1,1,1.0,1,1.0,9.765949653228745e-05,0.006626517977565527,4.3910742533626035e-05,-0.02476469613611698,0.032333314418792725,0.0,float32,2025-09-02T10:54:23.197596
/home/user/transformer_parameter_analysis/data/models/bert-base-uncased,bert-base-uncased,,bert.encoder.layer.9.attention.self.key.weight,,other,"(768, 768)",768,768,768,768,1.0,327,0.42578125,1.9485645680106245e-05,0.04592396691441536,0.0021090107038617134,-0.5265079140663147,0.6269592046737671,0.0,float32,2025-09-02T10:54:23.197596
/home/user/transformer_parameter_analysis/data/models/bert-base-uncased,bert-base-uncased,,bert.encoder.layer.9.attention.self.query.bias,,other,"(768,)",1,768,1,1,1.0,1,1.0,0.006110023707151413,0.19165615737438202,0.036732081323862076,-0.7547898888587952,0.7653141617774963,0.0,float32,2025-09-02T10:54:23.197596
/home/user/transformer_parameter_analysis/data/models/bert-base-uncased,bert-base-uncased,,bert.encoder.layer.9.attention.self.query.weight,,other,"(768, 768)",768,768,768,768,1.0,329,0.4283854166666667,-0.00012025100295431912,0.04589378088712692,0.0021062390878796577,-0.24494677782058716,0.26922428607940674,1.6954210069444444e-06,float32,2025-09-02T10:54:23.197596
/home/user/transformer_parameter_analysis/data/models/bert-base-uncased,bert-base-uncased,,bert.encoder.layer.9.attention.self.value.bias,,other,"(768,)",1,768,1,1,1.0,1,1.0,-0.0007584583363495767,0.03800346702337265,0.0014442633837461472,-0.23962938785552979,0.2559187412261963,0.0,float32,2025-09-02T10:54:23.197596
/home/user/transformer_parameter_analysis/data/models/bert-base-uncased,bert-base-uncased,,bert.encoder.layer.9.attention.self.value.weight,,other,"(768, 768)",768,768,768,768,1.0,368,0.4791666666666667,2.8407728677848354e-05,0.034493815153837204,0.0011898232623934746,-0.1981411725282669,0.2093314826488495,0.0,float32,2025-09-02T10:54:23.197596
/home/user/transformer_parameter_analysis/data/models/bert-base-uncased,bert-base-uncased,,bert.encoder.layer.9.intermediate.dense.bias,,other,"(3072,)",1,3072,1,1,1.0,1,1.0,-0.10464336723089218,0.04721440374851227,0.002229199977591634,-0.36383652687072754,0.5708199739456177,0.0,float32,2025-09-02T10:54:23.197596
/home/user/transformer_parameter_analysis/data/models/bert-base-uncased,bert-base-uncased,,bert.encoder.layer.9.intermediate.dense.weight,,other,"(3072, 768)",3072,768,768,768,1.0,519,0.67578125,0.00046331912744790316,0.039683304727077484,0.0015747646102681756,-0.822796106338501,0.7370226383209229,0.0,float32,2025-09-02T10:54:23.197596
/home/user/transformer_parameter_analysis/data/models/bert-base-uncased,bert-base-uncased,,bert.encoder.layer.9.output.LayerNorm.beta,,other,"(768,)",1,768,1,1,1.0,1,1.0,-0.03221128135919571,0.05685056000947952,0.003231986192986369,-0.41579219698905945,0.43429917097091675,0.0,float32,2025-09-02T10:54:23.197596
/home/user/transformer_parameter_analysis/data/models/bert-base-uncased,bert-base-uncased,,bert.encoder.layer.9.output.LayerNorm.gamma,,other,"(768,)",1,768,1,1,1.0,1,1.0,0.800506591796875,0.06039927154779434,0.0036480717826634645,0.13835743069648743,1.4368246793746948,0.0,float32,2025-09-02T10:54:23.197596
/home/user/transformer_parameter_analysis/data/models/bert-base-uncased,bert-base-uncased,,bert.encoder.layer.9.output.dense.bias,,other,"(768,)",1,768,1,1,1.0,1,1.0,-0.0005532733048312366,0.08005718141794205,0.006409151945263147,-0.638189971446991,0.34622111916542053,0.0,float32,2025-09-02T10:54:23.197596
/home/user/transformer_parameter_analysis/data/models/bert-base-uncased,bert-base-uncased,,bert.encoder.layer.9.output.dense.weight,,output,"(768, 3072)",768,3072,768,768,1.0,559,0.7278645833333334,-1.0400960491097067e-05,0.038986075669527054,0.0015199140179902315,-3.0745725631713867,2.186894416809082,0.0,float32,2025-09-02T10:54:23.197596
/home/user/transformer_parameter_analysis/data/models/bert-base-uncased,bert-base-uncased,,bert.pooler.dense.bias,,other,"(768,)",1,768,1,1,1.0,1,1.0,-0.0008304072543978691,0.03467535227537155,0.0012023801682516932,-0.09655669331550598,0.10427779704332352,0.0,float32,2025-09-02T10:54:23.197596
/home/user/transformer_parameter_analysis/data/models/bert-base-uncased,bert-base-uncased,,bert.pooler.dense.weight,,other,"(768, 768)",768,768,768,768,1.0,88,0.11458333333333333,3.075549102504738e-05,0.02854275517165661,0.0008146889158524573,-0.3934975862503052,0.38592007756233215,1.6954210069444444e-06,float32,2025-09-02T10:54:23.197596
/home/user/transformer_parameter_analysis/data/models/bert-base-uncased,bert-base-uncased,,cls.predictions.bias,,other,"(30522,)",1,30522,1,1,1.0,1,1.0,-0.22573772072792053,0.18395790457725525,0.03384051099419594,-4.510498523712158,2.488515853881836,0.0,float32,2025-09-02T10:54:23.197596
/home/user/transformer_parameter_analysis/data/models/bert-base-uncased,bert-base-uncased,,cls.predictions.transform.LayerNorm.beta,,other,"(768,)",1,768,1,1,1.0,1,1.0,0.05298060551285744,0.3058317005634308,0.09353303164243698,-2.012104034423828,1.4150705337524414,0.0,float32,2025-09-02T10:54:23.197596
/home/user/transformer_parameter_analysis/data/models/bert-base-uncased,bert-base-uncased,,cls.predictions.transform.LayerNorm.gamma,,other,"(768,)",1,768,1,1,1.0,1,1.0,2.29024338722229,0.4509325325489044,0.20334015786647797,-0.20159682631492615,3.6638755798339844,0.0,float32,2025-09-02T10:54:23.197596
/home/user/transformer_parameter_analysis/data/models/bert-base-uncased,bert-base-uncased,,cls.predictions.transform.dense.bias,,other,"(768,)",1,768,1,1,1.0,1,1.0,0.0429358147084713,0.08792010694742203,0.0077299452386796474,-0.15151549875736237,2.2901806831359863,0.0,float32,2025-09-02T10:54:23.197596
/home/user/transformer_parameter_analysis/data/models/bert-base-uncased,bert-base-uncased,,cls.predictions.transform.dense.weight,,other,"(768, 768)",768,768,768,768,1.0,510,0.6640625,0.00045058768591843545,0.0509222187101841,0.0025930723641067743,-1.0595461130142212,0.7422326803207397,0.0,float32,2025-09-02T10:54:23.197596
/home/user/transformer_parameter_analysis/data/models/bert-base-uncased,bert-base-uncased,,cls.seq_relationship.bias,,other,"(2,)",1,2,1,1,1.0,1,1.0,0.00948385987430811,0.011604789644479752,0.0001346711505902931,-0.0021209302358329296,0.021088650450110435,0.0,float32,2025-09-02T10:54:23.197596
/home/user/transformer_parameter_analysis/data/models/bert-base-uncased,bert-base-uncased,,cls.seq_relationship.weight,,other,"(2, 768)",2,768,2,2,1.0,2,1.0,-0.00010424858919577673,0.01323122438043356,0.00017506528820376843,-0.0477316677570343,0.049613259732723236,0.0,float32,2025-09-02T10:54:23.197596
